{
  "accuracy": 0.8064056939501779,
  "report": {
    "fist": {
      "precision": 0.7354838709677419,
      "recall": 0.6785714285714286,
      "f1-score": 0.7058823529411765,
      "support": 336.0
    },
    "wrist_back": {
      "precision": 0.7012987012987013,
      "recall": 0.7714285714285715,
      "f1-score": 0.7346938775510204,
      "support": 420.0
    },
    "wrist_forward": {
      "precision": 0.825925925925926,
      "recall": 0.8109090909090909,
      "f1-score": 0.818348623853211,
      "support": 275.0
    },
    "pinch": {
      "precision": 0.9862258953168044,
      "recall": 0.9572192513368984,
      "f1-score": 0.9715061058344641,
      "support": 374.0
    },
    "accuracy": 0.8064056939501779,
    "macro avg": {
      "precision": 0.8122335983772934,
      "recall": 0.8045320855614975,
      "f1-score": 0.807607740044968,
      "support": 1405.0
    },
    "weighted avg": {
      "precision": 0.8097125620418011,
      "recall": 0.8064056939501779,
      "f1-score": 0.8072149852678908,
      "support": 1405.0
    }
  }
}