{
  "accuracy": 0.8933607698359862,
  "report": {
    "fist": {
      "precision": 0.8041958041958042,
      "recall": 0.6920762286860582,
      "f1-score": 0.7439353099730458,
      "support": 1994.0
    },
    "pinch": {
      "precision": 0.8189922480620155,
      "recall": 0.8404932378679395,
      "f1-score": 0.8296034550451512,
      "support": 2514.0
    },
    "rest": {
      "precision": 0.9267114093959732,
      "recall": 0.979290780141844,
      "f1-score": 0.9522758620689655,
      "support": 3525.0
    },
    "wrist-back": {
      "precision": 0.905929447085314,
      "recall": 0.890994094488189,
      "f1-score": 0.8983997022701898,
      "support": 4064.0
    },
    "wrist-forward": {
      "precision": 0.9311875693673696,
      "recall": 0.9478084048802531,
      "f1-score": 0.9394244765423805,
      "support": 4426.0
    },
    "accuracy": 0.8933607698359862,
    "macro avg": {
      "precision": 0.8774032956212953,
      "recall": 0.8701325492128568,
      "f1-score": 0.8727277611799465,
      "support": 16523.0
    },
    "weighted avg": {
      "precision": 0.8916240463771615,
      "recall": 0.8933607698359862,
      "f1-score": 0.891774594871724,
      "support": 16523.0
    }
  }
}