{
  "accuracy": 0.8156583629893238,
  "report": {
    "fist": {
      "precision": 0.7368421052631579,
      "recall": 0.7083333333333334,
      "f1-score": 0.7223065250379362,
      "support": 336.0
    },
    "wrist_back": {
      "precision": 0.9811320754716981,
      "recall": 0.9732620320855615,
      "f1-score": 0.9771812080536912,
      "support": 374.0
    },
    "wrist_forward": {
      "precision": 0.8444444444444444,
      "recall": 0.8290909090909091,
      "f1-score": 0.8366972477064221,
      "support": 275.0
    },
    "pinch": {
      "precision": 0.7165532879818595,
      "recall": 0.7523809523809524,
      "f1-score": 0.7340301974448316,
      "support": 420.0
    },
    "accuracy": 0.8156583629893238,
    "macro avg": {
      "precision": 0.81974297829029,
      "recall": 0.8157668067226891,
      "f1-score": 0.8175537945607203,
      "support": 1405.0
    },
    "weighted avg": {
      "precision": 0.8168661542842984,
      "recall": 0.8156583629893238,
      "f1-score": 0.8160463987693398,
      "support": 1405.0
    }
  }
}