{
  "accuracy": 0.8937844217151849,
  "report": {
    "fist": {
      "precision": 0.8141486810551559,
      "recall": 0.6810431293881645,
      "f1-score": 0.7416712179137084,
      "support": 1994.0
    },
    "pinch": {
      "precision": 0.8121212121212121,
      "recall": 0.8528241845664281,
      "f1-score": 0.8319751649204501,
      "support": 2514.0
    },
    "rest": {
      "precision": 0.9319967488485505,
      "recall": 0.975886524822695,
      "f1-score": 0.9534368070953437,
      "support": 3525.0
    },
    "wrist-back": {
      "precision": 0.9122137404580153,
      "recall": 0.8821358267716536,
      "f1-score": 0.8969226920190143,
      "support": 4064.0
    },
    "wrist-forward": {
      "precision": 0.9231606443186765,
      "recall": 0.9582015363759603,
      "f1-score": 0.9403547671840354,
      "support": 4426.0
    },
    "accuracy": 0.8937844217151849,
    "macro avg": {
      "precision": 0.878728205360322,
      "recall": 0.8700182403849803,
      "f1-score": 0.8728721298265103,
      "support": 16523.0
    },
    "weighted avg": {
      "precision": 0.892302813651497,
      "recall": 0.8937844217151849,
      "f1-score": 0.8919958081500241,
      "support": 16523.0
    }
  }
}