{
  "accuracy": 0.8968105065666041,
  "report": {
    "fist": {
      "precision": 0.8084246970571264,
      "recall": 0.7026078234704113,
      "f1-score": 0.7518111081298632,
      "support": 1994.0
    },
    "pinch": {
      "precision": 0.8371076678585618,
      "recall": 0.8381066030230708,
      "f1-score": 0.8376068376068376,
      "support": 2514.0
    },
    "rest": {
      "precision": 0.9296116504854369,
      "recall": 0.977872340425532,
      "f1-score": 0.9531314807133969,
      "support": 3525.0
    },
    "wrist-back": {
      "precision": 0.8973542381185693,
      "recall": 0.9013287401574803,
      "f1-score": 0.8993370979621901,
      "support": 4064.0
    },
    "wrist-forward": {
      "precision": 0.9368726299353112,
      "recall": 0.9489380930863082,
      "f1-score": 0.9428667639465709,
      "support": 4426.0
    },
    "accuracy": 0.8968105065666041,
    "macro avg": {
      "precision": 0.8818741766910012,
      "recall": 0.8737707200325605,
      "f1-score": 0.8769506576717717,
      "support": 16523.0
    },
    "weighted avg": {
      "precision": 0.8949231056525482,
      "recall": 0.8968105065666041,
      "f1-score": 0.8952779563163545,
      "support": 16523.0
    }
  }
}