{
  "accuracy": 0.816435432230523,
  "report": {
    "fist": {
      "precision": 0.7050359712230215,
      "recall": 0.7704402515723271,
      "f1-score": 0.7362885048835462,
      "support": 636.0
    },
    "pinch": {
      "precision": 0.721978021978022,
      "recall": 0.7720329024676851,
      "f1-score": 0.7461669505962522,
      "support": 851.0
    },
    "wrist_back": {
      "precision": 0.8950617283950617,
      "recall": 0.7618213660245184,
      "f1-score": 0.8230842005676443,
      "support": 571.0
    },
    "wrist_forward": {
      "precision": 0.9902777777777778,
      "recall": 0.9468791500664011,
      "f1-score": 0.9680923285811269,
      "support": 753.0
    },
    "accuracy": 0.816435432230523,
    "macro avg": {
      "precision": 0.8280883748434709,
      "recall": 0.8127934175327329,
      "f1-score": 0.8184079961571424,
      "support": 2811.0
    },
    "weighted avg": {
      "precision": 0.8251745243619301,
      "recall": 0.816435432230523,
      "f1-score": 0.8190046837456633,
      "support": 2811.0
    }
  }
}